{
    "parameter": [
        {
            "src_lng": 88.302236,
            "src_lat": 22.521734,
            "dest_lng": 88.230922,
            "dest_lat": 22.573481
        }
    ]
}